,country,territory,unit_type,year,season,season_number
0,Austria,Bud,A,1901,spring,1
1,Austria,Tri,F,1901,spring,1
2,Austria,Vie,A,1901,spring,1
3,England,Edi,F,1901,spring,1
4,England,Lon,F,1901,spring,1
5,England,Lvp,A,1901,spring,1
6,France,Bre,F,1901,spring,1
7,France,Mar,A,1901,spring,1
8,France,Par,A,1901,spring,1
9,Germany,Ber,A,1901,spring,1
10,Germany,Kie,F,1901,spring,1
11,Germany,Mun,A,1901,spring,1
12,Italy,Nap,F,1901,spring,1
13,Italy,Rom,A,1901,spring,1
14,Italy,Ven,A,1901,spring,1
15,Russia,Mos,A,1901,spring,1
16,Russia,Sev,F,1901,spring,1
17,Russia,Stp,F,1901,spring,1
18,Russia,War,A,1901,spring,1
19,Turkey,Ank,F,1901,spring,1
20,Turkey,Con,A,1901,spring,1
21,Turkey,Smy,A,1901,spring,1
22,Austria,Alb,F,1901,fall,2
23,Austria,Ser,A,1901,fall,2
24,Austria,Vie,A,1901,fall,2
25,England,Edi,A,1901,fall,2
26,England,NTH,F,1901,fall,2
27,England,NWG,F,1901,fall,2
28,France,Bur,A,1901,fall,2
29,France,MAO,F,1901,fall,2
30,France,Spa,A,1901,fall,2
31,Germany,Den,F,1901,fall,2
32,Germany,Kie,A,1901,fall,2
33,Germany,Ruh,A,1901,fall,2
34,Italy,Apu,A,1901,fall,2
35,Italy,ION,F,1901,fall,2
36,Italy,Ven,A,1901,fall,2
37,Russia,BOT,F,1901,fall,2
38,Russia,Sev,F,1901,fall,2
39,Russia,Stp,A,1901,fall,2
40,Russia,War,A,1901,fall,2
41,Turkey,Ank,F,1901,fall,2
42,Turkey,Bul,A,1901,fall,2
43,Turkey,Smy,A,1901,fall,2
44,Austria,Gre,F,1901,winter,3
45,Austria,Ser,A,1901,winter,3
46,Austria,Vie,A,1901,winter,3
47,England,Edi,A,1901,winter,3
48,England,NTH,F,1901,winter,3
49,England,NWG,F,1901,winter,3
50,France,Bel,A,1901,winter,3
51,France,Por,A,1901,winter,3
52,France,Spa,F,1901,winter,3
53,Germany,Den,F,1901,winter,3
54,Germany,Hol,A,1901,winter,3
55,Germany,Ruh,A,1901,winter,3
56,Italy,ION,F,1901,winter,3
57,Italy,Tun,A,1901,winter,3
58,Italy,Ven,A,1901,winter,3
59,Russia,BOT,F,1901,winter,3
60,Russia,Nwy,A,1901,winter,3
61,Russia,Rum,F,1901,winter,3
62,Russia,War,A,1901,winter,3
63,Turkey,Ank,A,1901,winter,3
64,Turkey,Bul,A,1901,winter,3
65,Turkey,Con,F,1901,winter,3
66,Austria,Bud,A,1902,spring,4
67,Austria,Gre,F,1902,spring,4
68,Austria,Ser,A,1902,spring,4
69,Austria,Tri,A,1902,spring,4
70,Austria,Vie,A,1902,spring,4
71,England,Edi,A,1902,spring,4
72,England,NTH,F,1902,spring,4
73,England,NWG,F,1902,spring,4
74,France,Bel,A,1902,spring,4
75,France,Bre,F,1902,spring,4
76,France,Mar,F,1902,spring,4
77,France,Par,A,1902,spring,4
78,France,Por,A,1902,spring,4
79,France,Spa,F,1902,spring,4
80,Germany,Ber,A,1902,spring,4
81,Germany,Den,F,1902,spring,4
82,Germany,Hol,A,1902,spring,4
83,Germany,Kie,F,1902,spring,4
84,Germany,Ruh,A,1902,spring,4
85,Italy,ION,F,1902,spring,4
86,Italy,Nap,F,1902,spring,4
87,Italy,Tun,A,1902,spring,4
88,Italy,Ven,A,1902,spring,4
89,Russia,BOT,F,1902,spring,4
90,Russia,Nwy,A,1902,spring,4
91,Russia,Rum,F,1902,spring,4
92,Russia,Sev,F,1902,spring,4
93,Russia,Stp,A,1902,spring,4
94,Russia,War,A,1902,spring,4
95,Turkey,Ank,A,1902,spring,4
96,Turkey,Bul,A,1902,spring,4
97,Turkey,Con,F,1902,spring,4
98,Turkey,Smy,F,1902,spring,4
99,Austria,Alb,A,1902,fall,5
100,Austria,Bud,A,1902,fall,5
101,Austria,Gal,A,1902,fall,5
102,Austria,Gre,F,1902,fall,5
103,Austria,Ser,A,1902,fall,5
104,England,NTH,F,1902,fall,5
105,England,NWG,F,1902,fall,5
106,England,Nwy,A,1902,fall,5
107,France,Bel,A,1902,fall,5
108,France,ENG,F,1902,fall,5
109,France,MAO,F,1902,fall,5
110,France,Mar,F,1902,fall,5
111,France,Pic,A,1902,fall,5
112,France,Spa,A,1902,fall,5
113,Germany,BAL,F,1902,fall,5
114,Germany,Ber,A,1902,fall,5
115,Germany,Den,F,1902,fall,5
116,Germany,Hol,A,1902,fall,5
117,Germany,Mun,A,1902,fall,5
118,Italy,ION,F,1902,fall,5
119,Italy,Tun,A,1902,fall,5
120,Italy,TYS,F,1902,fall,5
121,Italy,Ven,A,1902,fall,5
122,Russia,BOT,F,1902,fall,5
123,Russia,Sev,F,1902,fall,5
124,Russia,Stp,A,1902,fall,5
125,Russia,Swe,A,1902,fall,5
126,Russia,Ukr,A,1902,fall,5
127,Turkey,AEG,F,1902,fall,5
128,Turkey,Ank,A,1902,fall,5
129,Turkey,Con,F,1902,fall,5
130,Turkey,Rum,A,1902,fall,5
131,Austria,Alb,A,1902,winter,6
132,Austria,Bud,A,1902,winter,6
133,Austria,Gal,A,1902,winter,6
134,Austria,Ser,A,1902,winter,6
135,England,Lon,F,1902,winter,6
136,England,NTH,F,1902,winter,6
137,England,Nwy,A,1902,winter,6
138,France,Bel,A,1902,winter,6
139,France,ENG,F,1902,winter,6
140,France,Gas,A,1902,winter,6
141,France,IRI,F,1902,winter,6
142,France,LYO,F,1902,winter,6
143,France,Wal,A,1902,winter,6
144,Germany,BAL,F,1902,winter,6
145,Germany,Ber,A,1902,winter,6
146,Germany,Den,F,1902,winter,6
147,Germany,Hol,A,1902,winter,6
148,Germany,Sil,A,1902,winter,6
149,Italy,Gre,A,1902,winter,6
150,Italy,ION,F,1902,winter,6
151,Italy,TYS,F,1902,winter,6
152,Italy,Ven,A,1902,winter,6
153,Russia,BOT,F,1902,winter,6
154,Russia,Rum,F,1902,winter,6
155,Russia,Stp,A,1902,winter,6
156,Russia,Swe,A,1902,winter,6
157,Russia,War,A,1902,winter,6
158,Turkey,AEG,F,1902,winter,6
159,Turkey,Bul,A,1902,winter,6
160,Turkey,Con,F,1902,winter,6
161,Turkey,Smy,A,1902,winter,6
162,Austria,Alb,A,1903,spring,7
163,Austria,Bud,A,1903,spring,7
164,Austria,Gal,A,1903,spring,7
165,Austria,Ser,A,1903,spring,7
166,England,Lon,F,1903,spring,7
167,England,Lvp,F,1903,spring,7
168,England,NTH,F,1903,spring,7
169,England,Nwy,A,1903,spring,7
170,France,Bel,A,1903,spring,7
171,France,ENG,F,1903,spring,7
172,France,Gas,A,1903,spring,7
173,France,IRI,F,1903,spring,7
174,France,LYO,F,1903,spring,7
175,France,Wal,A,1903,spring,7
176,Germany,BAL,F,1903,spring,7
177,Germany,Ber,A,1903,spring,7
178,Germany,Den,F,1903,spring,7
179,Germany,Hol,A,1903,spring,7
180,Germany,Sil,A,1903,spring,7
181,Italy,Gre,A,1903,spring,7
182,Italy,ION,F,1903,spring,7
183,Italy,Nap,F,1903,spring,7
184,Italy,TYS,F,1903,spring,7
185,Italy,Ven,A,1903,spring,7
186,Russia,BOT,F,1903,spring,7
187,Russia,Rum,F,1903,spring,7
188,Russia,Sev,A,1903,spring,7
189,Russia,Stp,A,1903,spring,7
190,Russia,Swe,A,1903,spring,7
191,Russia,War,A,1903,spring,7
192,Turkey,AEG,F,1903,spring,7
193,Turkey,Bul,A,1903,spring,7
194,Turkey,Con,F,1903,spring,7
195,Turkey,Smy,A,1903,spring,7
196,Austria,Gal,A,1903,fall,8
197,Austria,Ser,A,1903,fall,8
198,Austria,Vie,A,1903,fall,8
199,England,ENG,F,1903,fall,8
200,England,NAO,F,1903,fall,8
201,England,NTH,F,1903,fall,8
202,England,Nwy,A,1903,fall,8
203,France,Bel,A,1903,fall,8
204,France,Bre,F,1903,fall,8
205,France,Bur,A,1903,fall,8
206,France,IRI,F,1903,fall,8
207,France,Lvp,A,1903,fall,8
208,France,LYO,F,1903,fall,8
209,Germany,BAL,F,1903,fall,8
210,Germany,Ber,A,1903,fall,8
211,Germany,Den,F,1903,fall,8
212,Germany,Hol,A,1903,fall,8
213,Germany,War,A,1903,fall,8
214,Italy,Alb,A,1903,fall,8
215,Italy,ION,F,1903,fall,8
216,Italy,Tus,F,1903,fall,8
217,Italy,TYS,F,1903,fall,8
218,Italy,Ven,A,1903,fall,8
219,Russia,BOT,F,1903,fall,8
220,Russia,Lvn,A,1903,fall,8
221,Russia,Mos,A,1903,fall,8
222,Russia,Rum,F,1903,fall,8
223,Russia,Swe,A,1903,fall,8
224,Russia,Ukr,A,1903,fall,8
225,Turkey,AEG,F,1903,fall,8
226,Turkey,Bul,A,1903,fall,8
227,Turkey,Con,F,1903,fall,8
228,Turkey,Gre,A,1903,fall,8
229,Austria,Bud,A,1903,winter,9
230,Austria,Gal,A,1903,winter,9
231,Austria,Vie,A,1903,winter,9
232,England,ENG,F,1903,winter,9
233,England,IRI,F,1903,winter,9
234,England,NTH,F,1903,winter,9
235,England,Stp,A,1903,winter,9
236,France,Bel,A,1903,winter,9
237,France,Bre,F,1903,winter,9
238,France,Bur,A,1903,winter,9
239,France,Edi,A,1903,winter,9
240,France,Lvp,F,1903,winter,9
241,France,Spa,F,1903,winter,9
242,Germany,BAL,F,1903,winter,9
243,Germany,Den,F,1903,winter,9
244,Germany,Hol,A,1903,winter,9
245,Germany,Pru,A,1903,winter,9
246,Germany,Sil,A,1903,winter,9
247,Italy,Pie,F,1903,winter,9
248,Italy,Tri,A,1903,winter,9
249,Italy,TYS,F,1903,winter,9
250,Italy,Ven,A,1903,winter,9
251,Italy,WES,F,1903,winter,9
252,Russia,BOT,F,1903,winter,9
253,Russia,Mos,A,1903,winter,9
254,Russia,Rum,F,1903,winter,9
255,Russia,Swe,A,1903,winter,9
256,Russia,Ukr,A,1903,winter,9
257,Russia,War,A,1903,winter,9
258,Turkey,Bul,A,1903,winter,9
259,Turkey,ION,F,1903,winter,9
260,Turkey,Ser,A,1903,winter,9
261,Turkey,Smy,F,1903,winter,9
262,Austria,Bud,A,1904,spring,10
263,Austria,Vie,A,1904,spring,10
264,England,ENG,F,1904,spring,10
265,England,IRI,F,1904,spring,10
266,England,NTH,F,1904,spring,10
267,France,Bel,A,1904,spring,10
268,France,Bre,F,1904,spring,10
269,France,Bur,A,1904,spring,10
270,France,Edi,A,1904,spring,10
271,France,Lvp,F,1904,spring,10
272,France,Mar,F,1904,spring,10
273,France,Par,A,1904,spring,10
274,France,Spa,F,1904,spring,10
275,Germany,BAL,F,1904,spring,10
276,Germany,Den,F,1904,spring,10
277,Germany,Hol,A,1904,spring,10
278,Germany,Pru,A,1904,spring,10
279,Germany,Sil,A,1904,spring,10
280,Italy,Pie,F,1904,spring,10
281,Italy,Rom,F,1904,spring,10
282,Italy,Tri,A,1904,spring,10
283,Italy,TYS,F,1904,spring,10
284,Italy,Ven,A,1904,spring,10
285,Italy,WES,F,1904,spring,10
286,Russia,BOT,F,1904,spring,10
287,Russia,Mos,A,1904,spring,10
288,Russia,Swe,A,1904,spring,10
289,Russia,Ukr,A,1904,spring,10
290,Russia,War,A,1904,spring,10
291,Turkey,Bul,A,1904,spring,10
292,Turkey,Con,A,1904,spring,10
293,Turkey,ION,F,1904,spring,10
294,Turkey,Ser,A,1904,spring,10
295,Turkey,Smy,F,1904,spring,10
296,Austria,Gal,A,1904,fall,11
297,Austria,Vie,A,1904,fall,11
298,England,ENG,F,1904,fall,11
299,England,NAO,F,1904,fall,11
300,England,Nwy,F,1904,fall,11
301,France,Bel,A,1904,fall,11
302,France,Bur,A,1904,fall,11
303,France,Edi,A,1904,fall,11
304,France,Gas,A,1904,fall,11
305,France,IRI,F,1904,fall,11
306,France,MAO,F,1904,fall,11
307,France,Mar,F,1904,fall,11
308,France,Spa,F,1904,fall,11
309,Germany,BAL,F,1904,fall,11
310,Germany,Den,F,1904,fall,11
311,Germany,Hol,A,1904,fall,11
312,Germany,Lvn,A,1904,fall,11
313,Germany,Mun,A,1904,fall,11
314,Italy,LYO,F,1904,fall,11
315,Italy,Pie,F,1904,fall,11
316,Italy,Tri,A,1904,fall,11
317,Italy,TYS,F,1904,fall,11
318,Italy,Ven,A,1904,fall,11
319,Italy,WES,F,1904,fall,11
320,Russia,BOT,F,1904,fall,11
321,Russia,Stp,A,1904,fall,11
322,Russia,Swe,A,1904,fall,11
323,Russia,Ukr,A,1904,fall,11
324,Russia,War,A,1904,fall,11
325,Turkey,AEG,F,1904,fall,11
326,Turkey,Bud,A,1904,fall,11
327,Turkey,Bul,A,1904,fall,11
328,Turkey,Rum,A,1904,fall,11
329,Turkey,Tun,F,1904,fall,11
330,Austria,Boh,A,1904,winter,12
331,Austria,Gal,A,1904,winter,12
332,England,ENG,F,1904,winter,12
333,England,NAO,F,1904,winter,12
334,England,Nwy,F,1904,winter,12
335,France,Bel,A,1904,winter,12
336,France,Bur,A,1904,winter,12
337,France,Edi,A,1904,winter,12
338,France,Gas,A,1904,winter,12
339,France,IRI,F,1904,winter,12
340,France,MAO,F,1904,winter,12
341,France,Mar,F,1904,winter,12
342,France,Spa,F,1904,winter,12
343,Germany,Den,F,1904,winter,12
344,Germany,Hol,A,1904,winter,12
345,Germany,Lvn,A,1904,winter,12
346,Germany,Mun,A,1904,winter,12
347,Germany,Swe,F,1904,winter,12
348,Italy,LYO,F,1904,winter,12
349,Italy,Pie,F,1904,winter,12
350,Italy,Tri,A,1904,winter,12
351,Italy,TYS,F,1904,winter,12
352,Italy,Ven,A,1904,winter,12
353,Italy,WES,F,1904,winter,12
354,Russia,BOT,F,1904,winter,12
355,Russia,Fin,A,1904,winter,12
356,Russia,Mos,A,1904,winter,12
357,Russia,Stp,A,1904,winter,12
358,Russia,War,A,1904,winter,12
359,Turkey,ION,F,1904,winter,12
360,Turkey,Naf,F,1904,winter,12
361,Turkey,Rum,A,1904,winter,12
362,Turkey,Ser,A,1904,winter,12
363,Turkey,Vie,A,1904,winter,12
364,Austria,Gal,A,1905,spring,13
365,England,ENG,F,1905,spring,13
366,England,Nwy,F,1905,spring,13
367,France,Bel,A,1905,spring,13
368,France,Bur,A,1905,spring,13
369,France,Edi,A,1905,spring,13
370,France,Gas,A,1905,spring,13
371,France,IRI,F,1905,spring,13
372,France,MAO,F,1905,spring,13
373,France,Mar,F,1905,spring,13
374,France,Spa,F,1905,spring,13
375,Germany,Ber,A,1905,spring,13
376,Germany,Den,F,1905,spring,13
377,Germany,Hol,A,1905,spring,13
378,Germany,Lvn,A,1905,spring,13
379,Germany,Mun,A,1905,spring,13
380,Germany,Swe,F,1905,spring,13
381,Italy,LYO,F,1905,spring,13
382,Italy,Pie,F,1905,spring,13
383,Italy,Tri,A,1905,spring,13
384,Italy,TYS,F,1905,spring,13
385,Italy,Ven,A,1905,spring,13
386,Italy,WES,F,1905,spring,13
387,Russia,BOT,F,1905,spring,13
388,Russia,Fin,A,1905,spring,13
389,Russia,Stp,A,1905,spring,13
390,Russia,War,A,1905,spring,13
391,Turkey,Con,F,1905,spring,13
392,Turkey,ION,F,1905,spring,13
393,Turkey,Naf,F,1905,spring,13
394,Turkey,Rum,A,1905,spring,13
395,Turkey,Ser,A,1905,spring,13
396,Turkey,Smy,A,1905,spring,13
397,Turkey,Vie,A,1905,spring,13
398,Austria,War,A,1905,fall,14
399,England,ENG,F,1905,fall,14
400,England,Stp,"{'type': 'F', 'coast': 'nc'}",1905,fall,14
401,France,Bur,A,1905,fall,14
402,France,Gas,A,1905,fall,14
403,France,IRI,F,1905,fall,14
404,France,MAO,F,1905,fall,14
405,France,Mar,F,1905,fall,14
406,France,Pic,A,1905,fall,14
407,France,Spa,F,1905,fall,14
408,France,Yor,A,1905,fall,14
409,Germany,BAL,F,1905,fall,14
410,Germany,Boh,A,1905,fall,14
411,Germany,Kie,A,1905,fall,14
412,Germany,Lvn,A,1905,fall,14
413,Germany,Nwy,F,1905,fall,14
414,Germany,Sil,A,1905,fall,14
415,Italy,LYO,F,1905,fall,14
416,Italy,Pie,F,1905,fall,14
417,Italy,Tri,A,1905,fall,14
418,Italy,Tyr,A,1905,fall,14
419,Italy,TYS,F,1905,fall,14
420,Italy,WES,F,1905,fall,14
421,Russia,BOT,F,1905,fall,14
422,Russia,Fin,A,1905,fall,14
423,Russia,Mos,A,1905,fall,14
424,Russia,Swe,A,1905,fall,14
425,Turkey,Arm,A,1905,fall,14
426,Turkey,BLA,F,1905,fall,14
427,Turkey,Bud,A,1905,fall,14
428,Turkey,Gal,A,1905,fall,14
429,Turkey,ION,F,1905,fall,14
430,Turkey,Naf,F,1905,fall,14
431,Turkey,Rum,A,1905,fall,14
432,Austria,War,A,1905,winter,15
433,England,ENG,F,1905,winter,15
434,England,Stp,"{'type': 'F', 'coast': 'nc'}",1905,winter,15
435,France,Bur,A,1905,winter,15
436,France,Gas,A,1905,winter,15
437,France,IRI,F,1905,winter,15
438,France,Lon,A,1905,winter,15
439,France,Mar,F,1905,winter,15
440,France,Pic,A,1905,winter,15
441,France,Por,F,1905,winter,15
442,France,Spa,F,1905,winter,15
443,Germany,BAL,F,1905,winter,15
444,Germany,Boh,A,1905,winter,15
445,Germany,Den,A,1905,winter,15
446,Germany,Mos,A,1905,winter,15
447,Germany,NTH,F,1905,winter,15
448,Germany,Sil,A,1905,winter,15
449,Italy,LYO,F,1905,winter,15
450,Italy,MAO,F,1905,winter,15
451,Italy,Pie,F,1905,winter,15
452,Italy,Tri,A,1905,winter,15
453,Italy,Tyr,A,1905,winter,15
454,Italy,WES,F,1905,winter,15
455,Russia,BOT,F,1905,winter,15
456,Russia,Nwy,A,1905,winter,15
457,Russia,Sev,A,1905,winter,15
458,Russia,Swe,A,1905,winter,15
459,Turkey,BLA,F,1905,winter,15
460,Turkey,Bud,A,1905,winter,15
461,Turkey,Gal,A,1905,winter,15
462,Turkey,Naf,F,1905,winter,15
463,Turkey,Rum,A,1905,winter,15
464,Turkey,TYS,F,1905,winter,15
465,Turkey,Vie,A,1905,winter,15
466,Austria,War,A,1906,spring,16
467,England,ENG,F,1906,spring,16
468,France,Bre,F,1906,spring,16
469,France,Bur,A,1906,spring,16
470,France,Gas,A,1906,spring,16
471,France,IRI,F,1906,spring,16
472,France,Lon,A,1906,spring,16
473,France,Mar,F,1906,spring,16
474,France,Pic,A,1906,spring,16
475,France,Por,F,1906,spring,16
476,France,Spa,F,1906,spring,16
477,Germany,BAL,F,1906,spring,16
478,Germany,Boh,A,1906,spring,16
479,Germany,Den,A,1906,spring,16
480,Germany,Mos,A,1906,spring,16
481,Germany,NTH,F,1906,spring,16
482,Germany,Sil,A,1906,spring,16
483,Italy,LYO,F,1906,spring,16
484,Italy,MAO,F,1906,spring,16
485,Italy,Pie,F,1906,spring,16
486,Italy,Tri,A,1906,spring,16
487,Italy,Tyr,A,1906,spring,16
488,Italy,WES,F,1906,spring,16
489,Russia,Nwy,A,1906,spring,16
490,Russia,Sev,A,1906,spring,16
491,Russia,Swe,A,1906,spring,16
492,Turkey,Ank,A,1906,spring,16
493,Turkey,BLA,F,1906,spring,16
494,Turkey,Bud,A,1906,spring,16
495,Turkey,Gal,A,1906,spring,16
496,Turkey,Naf,F,1906,spring,16
497,Turkey,Rum,A,1906,spring,16
498,Turkey,TYS,F,1906,spring,16
499,Turkey,Vie,A,1906,spring,16
500,Austria,War,A,1906,fall,17
501,England,Wal,F,1906,fall,17
502,France,Bre,F,1906,fall,17
503,France,Bur,A,1906,fall,17
504,France,Gas,A,1906,fall,17
505,France,IRI,F,1906,fall,17
506,France,Lon,A,1906,fall,17
507,France,MAO,F,1906,fall,17
508,France,Mar,F,1906,fall,17
509,France,Pic,A,1906,fall,17
510,France,Por,F,1906,fall,17
511,Germany,BAL,F,1906,fall,17
512,Germany,Mos,A,1906,fall,17
513,Germany,Mun,A,1906,fall,17
514,Germany,Nwy,F,1906,fall,17
515,Germany,Sil,A,1906,fall,17
516,Germany,Swe,A,1906,fall,17
517,Italy,LYO,F,1906,fall,17
518,Italy,NAO,F,1906,fall,17
519,Italy,Pie,F,1906,fall,17
520,Italy,Spa,F,1906,fall,17
521,Italy,Tri,A,1906,fall,17
522,Italy,Tyr,A,1906,fall,17
523,Russia,Fin,A,1906,fall,17
524,Russia,Sev,A,1906,fall,17
525,Russia,Stp,A,1906,fall,17
526,Turkey,BLA,F,1906,fall,17
527,Turkey,Boh,A,1906,fall,17
528,Turkey,Gal,A,1906,fall,17
529,Turkey,Naf,F,1906,fall,17
530,Turkey,Rum,A,1906,fall,17
531,Turkey,Ukr,A,1906,fall,17
532,Turkey,Vie,A,1906,fall,17
533,Turkey,WES,F,1906,fall,17
534,Austria,War,A,1906,winter,18
535,England,Wal,F,1906,winter,18
536,France,Bre,F,1906,winter,18
537,France,Bur,A,1906,winter,18
538,France,Gas,A,1906,winter,18
539,France,IRI,F,1906,winter,18
540,France,Lon,A,1906,winter,18
541,France,MAO,F,1906,winter,18
542,France,Mar,F,1906,winter,18
543,France,Pic,A,1906,winter,18
544,France,Por,F,1906,winter,18
545,Germany,BAL,F,1906,winter,18
546,Germany,Mun,A,1906,winter,18
547,Germany,NTH,F,1906,winter,18
548,Germany,Sil,A,1906,winter,18
549,Germany,Swe,A,1906,winter,18
550,Italy,LYO,F,1906,winter,18
551,Italy,NAO,F,1906,winter,18
552,Italy,Pie,F,1906,winter,18
553,Italy,Spa,F,1906,winter,18
554,Italy,Tri,A,1906,winter,18
555,Italy,Tyr,A,1906,winter,18
556,Russia,Mos,A,1906,winter,18
557,Russia,Nwy,A,1906,winter,18
558,Russia,Stp,A,1906,winter,18
559,Turkey,BLA,F,1906,winter,18
560,Turkey,Boh,A,1906,winter,18
561,Turkey,Gal,A,1906,winter,18
562,Turkey,Naf,F,1906,winter,18
563,Turkey,Sev,A,1906,winter,18
564,Turkey,Ukr,A,1906,winter,18
565,Turkey,Vie,A,1906,winter,18
566,Turkey,WES,F,1906,winter,18
567,Austria,War,A,1907,spring,19
568,France,Bre,F,1907,spring,19
569,France,Bur,A,1907,spring,19
570,France,Gas,A,1907,spring,19
571,France,IRI,F,1907,spring,19
572,France,Lon,A,1907,spring,19
573,France,MAO,F,1907,spring,19
574,France,Mar,F,1907,spring,19
575,France,Por,F,1907,spring,19
576,Germany,BAL,F,1907,spring,19
577,Germany,Kie,A,1907,spring,19
578,Germany,Mun,A,1907,spring,19
579,Germany,NTH,F,1907,spring,19
580,Germany,Sil,A,1907,spring,19
581,Germany,Swe,A,1907,spring,19
582,Italy,LYO,F,1907,spring,19
583,Italy,NAO,F,1907,spring,19
584,Italy,Pie,F,1907,spring,19
585,Italy,Spa,F,1907,spring,19
586,Italy,Tri,A,1907,spring,19
587,Italy,Tyr,A,1907,spring,19
588,Italy,Ven,A,1907,spring,19
589,Russia,Mos,A,1907,spring,19
590,Russia,Nwy,A,1907,spring,19
591,Russia,Stp,A,1907,spring,19
592,Turkey,BLA,F,1907,spring,19
593,Turkey,Boh,A,1907,spring,19
594,Turkey,Con,A,1907,spring,19
595,Turkey,Gal,A,1907,spring,19
596,Turkey,Naf,F,1907,spring,19
597,Turkey,Sev,A,1907,spring,19
598,Turkey,Ukr,A,1907,spring,19
599,Turkey,Vie,A,1907,spring,19
600,Turkey,WES,F,1907,spring,19
601,Austria,War,A,1907,fall,20
602,France,Bre,F,1907,fall,20
603,France,Bur,A,1907,fall,20
604,France,Gas,A,1907,fall,20
605,France,IRI,F,1907,fall,20
606,France,MAO,F,1907,fall,20
607,France,Mar,F,1907,fall,20
608,France,Spa,F,1907,fall,20
609,France,Yor,A,1907,fall,20
610,Germany,BOT,F,1907,fall,20
611,Germany,Mun,A,1907,fall,20
612,Germany,Nwy,F,1907,fall,20
613,Germany,Ruh,A,1907,fall,20
614,Germany,Sil,A,1907,fall,20
615,Germany,Swe,A,1907,fall,20
616,Italy,LYO,F,1907,fall,20
617,Italy,NAO,F,1907,fall,20
618,Italy,Pie,F,1907,fall,20
619,Italy,Tri,A,1907,fall,20
620,Italy,Tyr,A,1907,fall,20
621,Italy,Ven,A,1907,fall,20
622,Russia,Lvn,A,1907,fall,20
623,Russia,Mos,A,1907,fall,20
624,Russia,Stp,A,1907,fall,20
625,Turkey,BLA,F,1907,fall,20
626,Turkey,Boh,A,1907,fall,20
627,Turkey,Bul,A,1907,fall,20
628,Turkey,Gal,A,1907,fall,20
629,Turkey,Naf,F,1907,fall,20
630,Turkey,Sev,A,1907,fall,20
631,Turkey,Ukr,A,1907,fall,20
632,Turkey,Vie,A,1907,fall,20
633,Turkey,WES,F,1907,fall,20
634,Austria,War,A,1907,winter,21
635,France,Bre,F,1907,winter,21
636,France,Bur,A,1907,winter,21
637,France,Gas,A,1907,winter,21
638,France,IRI,F,1907,winter,21
639,France,Lvp,A,1907,winter,21
640,France,LYO,F,1907,winter,21
641,France,MAO,F,1907,winter,21
642,France,Spa,F,1907,winter,21
643,Germany,BOT,F,1907,winter,21
644,Germany,Mun,A,1907,winter,21
645,Germany,Nwy,F,1907,winter,21
646,Germany,Ruh,A,1907,winter,21
647,Germany,Sil,A,1907,winter,21
648,Germany,Stp,A,1907,winter,21
649,Italy,NAO,F,1907,winter,21
650,Italy,Pie,F,1907,winter,21
651,Italy,Tri,A,1907,winter,21
652,Italy,Tyr,A,1907,winter,21
653,Italy,TYS,F,1907,winter,21
654,Italy,Ven,A,1907,winter,21
655,Russia,Fin,A,1907,winter,21
656,Russia,Lvn,A,1907,winter,21
657,Turkey,BLA,F,1907,winter,21
658,Turkey,Boh,A,1907,winter,21
659,Turkey,Gal,A,1907,winter,21
660,Turkey,Mos,A,1907,winter,21
661,Turkey,Naf,F,1907,winter,21
662,Turkey,Rum,A,1907,winter,21
663,Turkey,Ukr,A,1907,winter,21
664,Turkey,Vie,A,1907,winter,21
665,Turkey,WES,F,1907,winter,21
666,Austria,War,A,1908,spring,22
667,France,Bre,F,1908,spring,22
668,France,Bur,A,1908,spring,22
669,France,Gas,A,1908,spring,22
670,France,IRI,F,1908,spring,22
671,France,Lvp,A,1908,spring,22
672,France,LYO,F,1908,spring,22
673,France,MAO,F,1908,spring,22
674,France,Mar,F,1908,spring,22
675,France,Spa,F,1908,spring,22
676,Germany,Ber,A,1908,spring,22
677,Germany,BOT,F,1908,spring,22
678,Germany,Kie,A,1908,spring,22
679,Germany,Mun,A,1908,spring,22
680,Germany,Nwy,F,1908,spring,22
681,Germany,Ruh,A,1908,spring,22
682,Germany,Sil,A,1908,spring,22
683,Germany,Stp,A,1908,spring,22
684,Italy,NAO,F,1908,spring,22
685,Italy,Pie,F,1908,spring,22
686,Italy,Tri,A,1908,spring,22
687,Italy,Tyr,A,1908,spring,22
688,Italy,TYS,F,1908,spring,22
689,Italy,Ven,A,1908,spring,22
690,Turkey,BLA,F,1908,spring,22
691,Turkey,Boh,A,1908,spring,22
692,Turkey,Con,A,1908,spring,22
693,Turkey,Gal,A,1908,spring,22
694,Turkey,Mos,A,1908,spring,22
695,Turkey,Naf,F,1908,spring,22
696,Turkey,Rum,A,1908,spring,22
697,Turkey,Ukr,A,1908,spring,22
698,Turkey,Vie,A,1908,spring,22
699,Turkey,WES,F,1908,spring,22
700,Austria,Mos,A,1908,fall,23
701,France,Bre,F,1908,fall,23
702,France,Bur,A,1908,fall,23
703,France,Cly,A,1908,fall,23
704,France,Gas,A,1908,fall,23
705,France,IRI,F,1908,fall,23
706,France,LYO,F,1908,fall,23
707,France,MAO,F,1908,fall,23
708,France,Mar,F,1908,fall,23
709,France,Spa,F,1908,fall,23
710,Germany,BAL,F,1908,fall,23
711,Germany,Boh,A,1908,fall,23
712,Germany,Mun,A,1908,fall,23
713,Germany,Nwy,F,1908,fall,23
714,Germany,Pru,A,1908,fall,23
715,Germany,Ruh,A,1908,fall,23
716,Germany,Sil,A,1908,fall,23
717,Germany,Stp,A,1908,fall,23
718,Italy,NAO,F,1908,fall,23
719,Italy,Pie,F,1908,fall,23
720,Italy,Tus,A,1908,fall,23
721,Italy,Tyr,A,1908,fall,23
722,Italy,TYS,F,1908,fall,23
723,Italy,Ven,A,1908,fall,23
724,Turkey,BLA,F,1908,fall,23
725,Turkey,Gal,A,1908,fall,23
726,Turkey,Lvn,A,1908,fall,23
727,Turkey,Naf,F,1908,fall,23
728,Turkey,Sev,A,1908,fall,23
729,Turkey,Ukr,A,1908,fall,23
730,Turkey,Vie,A,1908,fall,23
731,Turkey,War,A,1908,fall,23
732,Turkey,WES,F,1908,fall,23
733,Austria,Stp,A,1908,winter,24
734,France,Bre,F,1908,winter,24
735,France,Bur,A,1908,winter,24
736,France,Cly,A,1908,winter,24
737,France,Gas,A,1908,winter,24
738,France,IRI,F,1908,winter,24
739,France,LYO,F,1908,winter,24
740,France,MAO,F,1908,winter,24
741,France,Mar,F,1908,winter,24
742,France,Spa,F,1908,winter,24
743,Germany,BAL,F,1908,winter,24
744,Germany,Boh,A,1908,winter,24
745,Germany,Lvn,A,1908,winter,24
746,Germany,Mun,A,1908,winter,24
747,Germany,NWG,F,1908,winter,24
748,Germany,Pru,A,1908,winter,24
749,Germany,Ruh,A,1908,winter,24
750,Germany,War,A,1908,winter,24
751,Italy,NAO,F,1908,winter,24
752,Italy,Pie,F,1908,winter,24
753,Italy,Tus,A,1908,winter,24
754,Italy,Tyr,A,1908,winter,24
755,Italy,TYS,F,1908,winter,24
756,Italy,Ven,A,1908,winter,24
757,Turkey,BLA,F,1908,winter,24
758,Turkey,Gal,A,1908,winter,24
759,Turkey,Mos,A,1908,winter,24
760,Turkey,Naf,F,1908,winter,24
761,Turkey,Sev,A,1908,winter,24
762,Turkey,Ukr,A,1908,winter,24
763,Turkey,Vie,A,1908,winter,24
764,Turkey,WES,F,1908,winter,24
765,Austria,Stp,A,1909,spring,25
766,France,Bre,F,1909,spring,25
767,France,Bur,A,1909,spring,25
768,France,Cly,A,1909,spring,25
769,France,Gas,A,1909,spring,25
770,France,IRI,F,1909,spring,25
771,France,LYO,F,1909,spring,25
772,France,MAO,F,1909,spring,25
773,France,Mar,F,1909,spring,25
774,France,Spa,F,1909,spring,25
775,Germany,BAL,F,1909,spring,25
776,Germany,Boh,A,1909,spring,25
777,Germany,Lvn,A,1909,spring,25
778,Germany,Mun,A,1909,spring,25
779,Germany,NWG,F,1909,spring,25
780,Germany,Pru,A,1909,spring,25
781,Germany,Ruh,A,1909,spring,25
782,Germany,War,A,1909,spring,25
783,Italy,NAO,F,1909,spring,25
784,Italy,Pie,F,1909,spring,25
785,Italy,Tus,A,1909,spring,25
786,Italy,Tyr,A,1909,spring,25
787,Italy,TYS,F,1909,spring,25
788,Italy,Ven,A,1909,spring,25
789,Turkey,Ank,A,1909,spring,25
790,Turkey,BLA,F,1909,spring,25
791,Turkey,Con,A,1909,spring,25
792,Turkey,Gal,A,1909,spring,25
793,Turkey,Mos,A,1909,spring,25
794,Turkey,Naf,F,1909,spring,25
795,Turkey,Sev,A,1909,spring,25
796,Turkey,Ukr,A,1909,spring,25
797,Turkey,Vie,A,1909,spring,25
798,Turkey,WES,F,1909,spring,25
799,Austria,Stp,A,1909,fall,26
800,France,Bre,F,1909,fall,26
801,France,Bur,A,1909,fall,26
802,France,Gas,A,1909,fall,26
803,France,IRI,F,1909,fall,26
804,France,Lvp,A,1909,fall,26
805,France,LYO,F,1909,fall,26
806,France,Mar,F,1909,fall,26
807,France,Spa,F,1909,fall,26
808,France,WES,F,1909,fall,26
809,Germany,BAL,F,1909,fall,26
810,Germany,Lvn,A,1909,fall,26
811,Germany,Mun,A,1909,fall,26
812,Germany,NWG,F,1909,fall,26
813,Germany,Pru,A,1909,fall,26
814,Germany,Ruh,A,1909,fall,26
815,Germany,Sil,A,1909,fall,26
816,Germany,War,A,1909,fall,26
817,Italy,NAO,F,1909,fall,26
818,Italy,Pie,F,1909,fall,26
819,Italy,Tus,A,1909,fall,26
820,Italy,Tyr,A,1909,fall,26
821,Italy,TYS,F,1909,fall,26
822,Italy,Ven,A,1909,fall,26
823,Turkey,BLA,F,1909,fall,26
824,Turkey,Boh,A,1909,fall,26
825,Turkey,Bul,A,1909,fall,26
826,Turkey,Gal,A,1909,fall,26
827,Turkey,Mos,A,1909,fall,26
828,Turkey,Naf,F,1909,fall,26
829,Turkey,Rum,A,1909,fall,26
830,Turkey,Sev,A,1909,fall,26
831,Turkey,Tun,F,1909,fall,26
832,Turkey,Ukr,A,1909,fall,26
833,Austria,Stp,A,1909,winter,27
834,France,Bur,A,1909,winter,27
835,France,Gas,A,1909,winter,27
836,France,IRI,F,1909,winter,27
837,France,Lvp,A,1909,winter,27
838,France,LYO,F,1909,winter,27
839,France,MAO,F,1909,winter,27
840,France,Mar,F,1909,winter,27
841,France,Spa,F,1909,winter,27
842,France,WES,F,1909,winter,27
843,Germany,BAL,F,1909,winter,27
844,Germany,Lvn,A,1909,winter,27
845,Germany,Mun,A,1909,winter,27
846,Germany,NWG,F,1909,winter,27
847,Germany,Pru,A,1909,winter,27
848,Germany,Ruh,A,1909,winter,27
849,Germany,Sil,A,1909,winter,27
850,Germany,War,A,1909,winter,27
851,Italy,NAO,F,1909,winter,27
852,Italy,Pie,F,1909,winter,27
853,Italy,Tus,A,1909,winter,27
854,Italy,Tyr,A,1909,winter,27
855,Italy,TYS,F,1909,winter,27
856,Italy,Ven,A,1909,winter,27
857,Turkey,BLA,F,1909,winter,27
858,Turkey,Boh,A,1909,winter,27
859,Turkey,Bul,A,1909,winter,27
860,Turkey,Gal,A,1909,winter,27
861,Turkey,Mos,A,1909,winter,27
862,Turkey,Naf,F,1909,winter,27
863,Turkey,Rum,A,1909,winter,27
864,Turkey,Sev,A,1909,winter,27
865,Turkey,Tun,F,1909,winter,27
866,Turkey,Ukr,A,1909,winter,27
867,Austria,Stp,A,1910,spring,28
868,France,Bur,A,1910,spring,28
869,France,Gas,A,1910,spring,28
870,France,IRI,F,1910,spring,28
871,France,Lvp,A,1910,spring,28
872,France,LYO,F,1910,spring,28
873,France,MAO,F,1910,spring,28
874,France,Mar,F,1910,spring,28
875,France,Spa,F,1910,spring,28
876,France,WES,F,1910,spring,28
877,Germany,BAL,F,1910,spring,28
878,Germany,Lvn,A,1910,spring,28
879,Germany,Mun,A,1910,spring,28
880,Germany,NWG,F,1910,spring,28
881,Germany,Pru,A,1910,spring,28
882,Germany,Ruh,A,1910,spring,28
883,Germany,Sil,A,1910,spring,28
884,Germany,War,A,1910,spring,28
885,Italy,NAO,F,1910,spring,28
886,Italy,Pie,F,1910,spring,28
887,Italy,Tus,A,1910,spring,28
888,Italy,Tyr,A,1910,spring,28
889,Italy,TYS,F,1910,spring,28
890,Turkey,BLA,F,1910,spring,28
891,Turkey,Boh,A,1910,spring,28
892,Turkey,Bul,A,1910,spring,28
893,Turkey,Con,A,1910,spring,28
894,Turkey,Gal,A,1910,spring,28
895,Turkey,Mos,A,1910,spring,28
896,Turkey,Naf,F,1910,spring,28
897,Turkey,Rum,A,1910,spring,28
898,Turkey,Sev,A,1910,spring,28
899,Turkey,Tun,F,1910,spring,28
900,Turkey,Ukr,A,1910,spring,28
901,Austria,Stp,A,1910,fall,29
902,France,Bur,A,1910,fall,29
903,France,Gas,A,1910,fall,29
904,France,IRI,F,1910,fall,29
905,France,Lvp,A,1910,fall,29
906,France,LYO,F,1910,fall,29
907,France,MAO,F,1910,fall,29
908,France,Mar,F,1910,fall,29
909,France,Spa,F,1910,fall,29
910,France,WES,F,1910,fall,29
911,Germany,BAL,F,1910,fall,29
912,Germany,Lvn,A,1910,fall,29
913,Germany,Mun,A,1910,fall,29
914,Germany,NWG,F,1910,fall,29
915,Germany,Pru,A,1910,fall,29
916,Germany,Ruh,A,1910,fall,29
917,Germany,Sil,A,1910,fall,29
918,Germany,War,A,1910,fall,29
919,Italy,NAO,F,1910,fall,29
920,Italy,Pie,F,1910,fall,29
921,Italy,Tus,A,1910,fall,29
922,Italy,Tyr,A,1910,fall,29
923,Italy,TYS,F,1910,fall,29
924,Turkey,BLA,F,1910,fall,29
925,Turkey,Boh,A,1910,fall,29
926,Turkey,Bul,A,1910,fall,29
927,Turkey,Con,A,1910,fall,29
928,Turkey,Gal,A,1910,fall,29
929,Turkey,Mos,A,1910,fall,29
930,Turkey,Naf,F,1910,fall,29
931,Turkey,Rum,A,1910,fall,29
932,Turkey,Sev,A,1910,fall,29
933,Turkey,Tun,F,1910,fall,29
934,Turkey,Ukr,A,1910,fall,29
935,Austria,Stp,A,1910,winter,30
936,France,Bur,A,1910,winter,30
937,France,Gas,A,1910,winter,30
938,France,Lvp,A,1910,winter,30
939,France,LYO,F,1910,winter,30
940,France,Mar,F,1910,winter,30
941,France,Naf,F,1910,winter,30
942,France,NAO,F,1910,winter,30
943,France,Spa,F,1910,winter,30
944,Germany,BAL,F,1910,winter,30
945,Germany,Lvn,A,1910,winter,30
946,Germany,Mun,A,1910,winter,30
947,Germany,NWG,F,1910,winter,30
948,Germany,Pru,A,1910,winter,30
949,Germany,Ruh,A,1910,winter,30
950,Germany,Sil,A,1910,winter,30
951,Germany,War,A,1910,winter,30
952,Italy,MAO,F,1910,winter,30
953,Italy,Pie,F,1910,winter,30
954,Italy,Tus,A,1910,winter,30
955,Italy,Tyr,A,1910,winter,30
956,Italy,TYS,F,1910,winter,30
957,Turkey,BLA,F,1910,winter,30
958,Turkey,Boh,A,1910,winter,30
959,Turkey,Bud,A,1910,winter,30
960,Turkey,Bul,A,1910,winter,30
961,Turkey,Con,A,1910,winter,30
962,Turkey,Gal,A,1910,winter,30
963,Turkey,Mos,A,1910,winter,30
964,Turkey,Sev,A,1910,winter,30
965,Turkey,Tun,F,1910,winter,30
966,Turkey,Ukr,A,1910,winter,30
967,Turkey,WES,F,1910,winter,30
968,Austria,Stp,A,1911,spring,31
969,France,Bre,F,1911,spring,31
970,France,Bur,A,1911,spring,31
971,France,Gas,A,1911,spring,31
972,France,Lvp,A,1911,spring,31
973,France,LYO,F,1911,spring,31
974,France,Mar,F,1911,spring,31
975,France,Naf,F,1911,spring,31
976,France,NAO,F,1911,spring,31
977,France,Spa,F,1911,spring,31
978,Germany,BAL,F,1911,spring,31
979,Germany,Lvn,A,1911,spring,31
980,Germany,Mun,A,1911,spring,31
981,Germany,NWG,F,1911,spring,31
982,Germany,Pru,A,1911,spring,31
983,Germany,Ruh,A,1911,spring,31
984,Germany,Sil,A,1911,spring,31
985,Germany,War,A,1911,spring,31
986,Italy,MAO,F,1911,spring,31
987,Italy,Pie,F,1911,spring,31
988,Italy,Tus,A,1911,spring,31
989,Italy,Tyr,A,1911,spring,31
990,Italy,TYS,F,1911,spring,31
991,Turkey,BLA,F,1911,spring,31
992,Turkey,Boh,A,1911,spring,31
993,Turkey,Bud,A,1911,spring,31
994,Turkey,Bul,A,1911,spring,31
995,Turkey,Con,A,1911,spring,31
996,Turkey,Gal,A,1911,spring,31
997,Turkey,Mos,A,1911,spring,31
998,Turkey,Sev,A,1911,spring,31
999,Turkey,Tun,F,1911,spring,31
1000,Turkey,Ukr,A,1911,spring,31
1001,Turkey,WES,F,1911,spring,31
1002,Austria,Stp,A,1911,fall,32
1003,France,Bur,A,1911,fall,32
1004,France,Gas,A,1911,fall,32
1005,France,MAO,F,1911,fall,32
1006,France,Mar,F,1911,fall,32
1007,France,NAO,F,1911,fall,32
1008,France,Spa,F,1911,fall,32
1009,France,WES,F,1911,fall,32
1010,France,Yor,A,1911,fall,32
1011,Germany,BAL,F,1911,fall,32
1012,Germany,Lvn,A,1911,fall,32
1013,Germany,Mun,A,1911,fall,32
1014,Germany,NTH,F,1911,fall,32
1015,Germany,Pru,A,1911,fall,32
1016,Germany,Ruh,A,1911,fall,32
1017,Germany,Sil,A,1911,fall,32
1018,Germany,War,A,1911,fall,32
1019,Italy,ENG,F,1911,fall,32
1020,Italy,LYO,F,1911,fall,32
1021,Italy,Pie,F,1911,fall,32
1022,Italy,Tus,A,1911,fall,32
1023,Italy,Tyr,A,1911,fall,32
1024,Turkey,BLA,F,1911,fall,32
1025,Turkey,Boh,A,1911,fall,32
1026,Turkey,Bul,A,1911,fall,32
1027,Turkey,Gal,A,1911,fall,32
1028,Turkey,Mos,A,1911,fall,32
1029,Turkey,Naf,F,1911,fall,32
1030,Turkey,Ser,A,1911,fall,32
1031,Turkey,Sev,A,1911,fall,32
1032,Turkey,Tun,F,1911,fall,32
1033,Turkey,Ukr,A,1911,fall,32
1034,Turkey,Vie,A,1911,fall,32
1035,Austria,Stp,A,1911,winter,33
1036,France,Bel,A,1911,winter,33
1037,France,Gas,A,1911,winter,33
1038,France,IRI,F,1911,winter,33
1039,France,Lon,A,1911,winter,33
1040,France,MAO,F,1911,winter,33
1041,France,Mar,F,1911,winter,33
1042,France,Spa,F,1911,winter,33
1043,France,WES,F,1911,winter,33
1044,Germany,Ber,A,1911,winter,33
1045,Germany,Boh,A,1911,winter,33
1046,Germany,Den,F,1911,winter,33
1047,Germany,Lvn,A,1911,winter,33
1048,Germany,Mun,A,1911,winter,33
1049,Germany,NTH,F,1911,winter,33
1050,Germany,Pru,A,1911,winter,33
1051,Germany,War,A,1911,winter,33
1052,Italy,ENG,F,1911,winter,33
1053,Italy,LYO,F,1911,winter,33
1054,Italy,Pie,F,1911,winter,33
1055,Italy,Rom,A,1911,winter,33
1056,Italy,Vie,A,1911,winter,33
1057,Turkey,BLA,F,1911,winter,33
1058,Turkey,Bud,A,1911,winter,33
1059,Turkey,Gal,A,1911,winter,33
1060,Turkey,Mos,A,1911,winter,33
1061,Turkey,Naf,F,1911,winter,33
1062,Turkey,Rum,A,1911,winter,33
1063,Turkey,Ser,A,1911,winter,33
1064,Turkey,Sev,A,1911,winter,33
1065,Turkey,Sil,A,1911,winter,33
1066,Turkey,Tun,F,1911,winter,33
1067,Turkey,Ukr,A,1911,winter,33
1068,Austria,Stp,A,1912,spring,34
1069,France,Bel,A,1912,spring,34
1070,France,Bre,F,1912,spring,34
1071,France,Gas,A,1912,spring,34
1072,France,IRI,F,1912,spring,34
1073,France,Lon,A,1912,spring,34
1074,France,MAO,F,1912,spring,34
1075,France,Mar,F,1912,spring,34
1076,France,Spa,F,1912,spring,34
1077,France,WES,F,1912,spring,34
1078,Germany,Ber,A,1912,spring,34
1079,Germany,Boh,A,1912,spring,34
1080,Germany,Den,F,1912,spring,34
1081,Germany,Lvn,A,1912,spring,34
1082,Germany,Mun,A,1912,spring,34
1083,Germany,NTH,F,1912,spring,34
1084,Germany,Pru,A,1912,spring,34
1085,Germany,War,A,1912,spring,34
1086,Italy,ENG,F,1912,spring,34
1087,Italy,LYO,F,1912,spring,34
1088,Italy,Nap,F,1912,spring,34
1089,Italy,Pie,F,1912,spring,34
1090,Italy,Rom,A,1912,spring,34
1091,Italy,Vie,A,1912,spring,34
1092,Turkey,BLA,F,1912,spring,34
1093,Turkey,Bud,A,1912,spring,34
1094,Turkey,Gal,A,1912,spring,34
1095,Turkey,Mos,A,1912,spring,34
1096,Turkey,Naf,F,1912,spring,34
1097,Turkey,Rum,A,1912,spring,34
1098,Turkey,Sev,A,1912,spring,34
1099,Turkey,Sil,A,1912,spring,34
1100,Turkey,Tun,F,1912,spring,34
1101,Turkey,Ukr,A,1912,spring,34
1102,Austria,Stp,A,1912,fall,35
1103,France,Bel,A,1912,fall,35
1104,France,Bre,F,1912,fall,35
1105,France,Gas,A,1912,fall,35
1106,France,IRI,F,1912,fall,35
1107,France,Lon,A,1912,fall,35
1108,France,LYO,F,1912,fall,35
1109,France,MAO,F,1912,fall,35
1110,France,Spa,F,1912,fall,35
1111,France,WES,F,1912,fall,35
1112,Germany,Boh,A,1912,fall,35
1113,Germany,Edi,F,1912,fall,35
1114,Germany,Gal,A,1912,fall,35
1115,Germany,Mun,A,1912,fall,35
1116,Germany,NTH,F,1912,fall,35
1117,Germany,Pru,A,1912,fall,35
1118,Germany,Sil,A,1912,fall,35
1119,Germany,War,A,1912,fall,35
1120,Italy,ENG,F,1912,fall,35
1121,Italy,Pie,F,1912,fall,35
1122,Italy,Tus,F,1912,fall,35
1123,Italy,TYS,F,1912,fall,35
1124,Italy,Ven,A,1912,fall,35
1125,Italy,Vie,A,1912,fall,35
1126,Turkey,BLA,F,1912,fall,35
1127,Turkey,Bud,A,1912,fall,35
1128,Turkey,Mos,A,1912,fall,35
1129,Turkey,Naf,F,1912,fall,35
1130,Turkey,Rum,A,1912,fall,35
1131,Turkey,Ser,A,1912,fall,35
1132,Turkey,Sev,A,1912,fall,35
1133,Turkey,Tun,F,1912,fall,35
1134,Turkey,Ukr,A,1912,fall,35
1135,Austria,Stp,A,1912,winter,36
1136,France,Bel,A,1912,winter,36
1137,France,ENG,F,1912,winter,36
1138,France,Gas,A,1912,winter,36
1139,France,Lon,A,1912,winter,36
1140,France,LYO,F,1912,winter,36
1141,France,MAO,F,1912,winter,36
1142,France,Naf,F,1912,winter,36
1143,France,Spa,F,1912,winter,36
1144,Germany,Boh,A,1912,winter,36
1145,Germany,Cly,F,1912,winter,36
1146,Germany,Gal,A,1912,winter,36
1147,Germany,Lvn,A,1912,winter,36
1148,Germany,Mun,A,1912,winter,36
1149,Germany,NTH,F,1912,winter,36
1150,Germany,Sil,A,1912,winter,36
1151,Germany,War,A,1912,winter,36
1152,Italy,IRI,F,1912,winter,36
1153,Italy,Pie,F,1912,winter,36
1154,Italy,Tus,F,1912,winter,36
1155,Italy,TYS,F,1912,winter,36
1156,Italy,Ven,A,1912,winter,36
1157,Italy,Vie,A,1912,winter,36
1158,Turkey,BLA,F,1912,winter,36
1159,Turkey,Bud,A,1912,winter,36
1160,Turkey,Mos,A,1912,winter,36
1161,Turkey,Rum,A,1912,winter,36
1162,Turkey,Ser,A,1912,winter,36
1163,Turkey,Sev,A,1912,winter,36
1164,Turkey,Tun,F,1912,winter,36
1165,Turkey,Ukr,A,1912,winter,36
1166,Turkey,WES,F,1912,winter,36
1167,Austria,Stp,A,1913,spring,37
1168,France,Bel,A,1913,spring,37
1169,France,ENG,F,1913,spring,37
1170,France,Gas,A,1913,spring,37
1171,France,Lon,A,1913,spring,37
1172,France,LYO,F,1913,spring,37
1173,France,MAO,F,1913,spring,37
1174,France,Mar,F,1913,spring,37
1175,France,Naf,F,1913,spring,37
1176,France,Spa,F,1913,spring,37
1177,Germany,Boh,A,1913,spring,37
1178,Germany,Cly,F,1913,spring,37
1179,Germany,Gal,A,1913,spring,37
1180,Germany,Lvn,A,1913,spring,37
1181,Germany,Mun,A,1913,spring,37
1182,Germany,NTH,F,1913,spring,37
1183,Germany,Sil,A,1913,spring,37
1184,Germany,War,A,1913,spring,37
1185,Italy,IRI,F,1913,spring,37
1186,Italy,Pie,F,1913,spring,37
1187,Italy,Tus,F,1913,spring,37
1188,Italy,TYS,F,1913,spring,37
1189,Italy,Ven,A,1913,spring,37
1190,Italy,Vie,A,1913,spring,37
1191,Turkey,BLA,F,1913,spring,37
1192,Turkey,Bud,A,1913,spring,37
1193,Turkey,Con,A,1913,spring,37
1194,Turkey,Mos,A,1913,spring,37
1195,Turkey,Rum,A,1913,spring,37
1196,Turkey,Ser,A,1913,spring,37
1197,Turkey,Sev,A,1913,spring,37
1198,Turkey,Tun,F,1913,spring,37
1199,Turkey,Ukr,A,1913,spring,37
1200,Turkey,WES,F,1913,spring,37
1201,Austria,Stp,A,1913,fall,38
1202,France,Bur,A,1913,fall,38
1203,France,ENG,F,1913,fall,38
1204,France,Gas,A,1913,fall,38
1205,France,MAO,F,1913,fall,38
1206,France,Mar,F,1913,fall,38
1207,France,Pie,F,1913,fall,38
1208,France,Spa,F,1913,fall,38
1209,France,Wal,A,1913,fall,38
1210,France,WES,F,1913,fall,38
1211,Germany,Boh,A,1913,fall,38
1212,Germany,Cly,F,1913,fall,38
1213,Germany,Mos,A,1913,fall,38
1214,Germany,Mun,A,1913,fall,38
1215,Germany,NWG,F,1913,fall,38
1216,Germany,Sil,A,1913,fall,38
1217,Germany,War,A,1913,fall,38
1218,Italy,IRI,F,1913,fall,38
1219,Italy,LYO,F,1913,fall,38
1220,Italy,Tus,F,1913,fall,38
1221,Italy,TYS,F,1913,fall,38
1222,Italy,Ven,A,1913,fall,38
1223,Italy,Vie,A,1913,fall,38
1224,Turkey,BLA,F,1913,fall,38
1225,Turkey,Bud,A,1913,fall,38
1226,Turkey,Bul,A,1913,fall,38
1227,Turkey,Gal,A,1913,fall,38
1228,Turkey,Rum,A,1913,fall,38
1229,Turkey,Sev,A,1913,fall,38
1230,Turkey,Tri,A,1913,fall,38
1231,Turkey,Tun,F,1913,fall,38
1232,Turkey,Ukr,A,1913,fall,38
1233,Austria,Stp,A,1913,winter,39
1234,France,Bur,A,1913,winter,39
1235,France,Gas,A,1913,winter,39
1236,France,IRI,F,1913,winter,39
1237,France,MAO,F,1913,winter,39
1238,France,Mar,F,1913,winter,39
1239,France,Pie,F,1913,winter,39
1240,France,Spa,F,1913,winter,39
1241,France,Wal,A,1913,winter,39
1242,France,WES,F,1913,winter,39
1243,Germany,Boh,A,1913,winter,39
1244,Germany,Cly,F,1913,winter,39
1245,Germany,Mos,A,1913,winter,39
1246,Germany,Mun,A,1913,winter,39
1247,Germany,NAO,F,1913,winter,39
1248,Germany,Sil,A,1913,winter,39
1249,Germany,War,A,1913,winter,39
1250,Italy,LYO,F,1913,winter,39
1251,Italy,Tus,F,1913,winter,39
1252,Italy,TYS,F,1913,winter,39
1253,Italy,Ven,A,1913,winter,39
1254,Italy,Vie,A,1913,winter,39
1255,Turkey,BLA,F,1913,winter,39
1256,Turkey,Bud,A,1913,winter,39
1257,Turkey,Bul,A,1913,winter,39
1258,Turkey,Gal,A,1913,winter,39
1259,Turkey,Rum,A,1913,winter,39
1260,Turkey,Sev,A,1913,winter,39
1261,Turkey,Tun,F,1913,winter,39
1262,Turkey,Tyr,A,1913,winter,39
1263,Turkey,Ukr,A,1913,winter,39
1264,Austria,Stp,A,1914,spring,40
1265,France,Bur,A,1914,spring,40
1266,France,Gas,A,1914,spring,40
1267,France,IRI,F,1914,spring,40
1268,France,MAO,F,1914,spring,40
1269,France,Mar,F,1914,spring,40
1270,France,Pie,F,1914,spring,40
1271,France,Spa,F,1914,spring,40
1272,France,Wal,A,1914,spring,40
1273,France,WES,F,1914,spring,40
1274,Germany,Ber,A,1914,spring,40
1275,Germany,Boh,A,1914,spring,40
1276,Germany,Cly,F,1914,spring,40
1277,Germany,Kie,A,1914,spring,40
1278,Germany,Mos,A,1914,spring,40
1279,Germany,Mun,A,1914,spring,40
1280,Germany,NAO,F,1914,spring,40
1281,Germany,Sil,A,1914,spring,40
1282,Germany,War,A,1914,spring,40
1283,Italy,LYO,F,1914,spring,40
1284,Italy,Nap,F,1914,spring,40
1285,Italy,Tus,F,1914,spring,40
1286,Italy,TYS,F,1914,spring,40
1287,Italy,Ven,A,1914,spring,40
1288,Italy,Vie,A,1914,spring,40
1289,Turkey,BLA,F,1914,spring,40
1290,Turkey,Bud,A,1914,spring,40
1291,Turkey,Bul,A,1914,spring,40
1292,Turkey,Gal,A,1914,spring,40
1293,Turkey,Rum,A,1914,spring,40
1294,Turkey,Sev,A,1914,spring,40
1295,Turkey,Tun,F,1914,spring,40
1296,Turkey,Tyr,A,1914,spring,40
1297,Turkey,Ukr,A,1914,spring,40
1298,Austria,Stp,A,1914,fall,41
1299,France,Bur,A,1914,fall,41
1300,France,Gas,A,1914,fall,41
1301,France,IRI,F,1914,fall,41
1302,France,LYO,F,1914,fall,41
1303,France,MAO,F,1914,fall,41
1304,France,Mar,F,1914,fall,41
1305,France,Spa,F,1914,fall,41
1306,France,Wal,A,1914,fall,41
1307,Germany,Mos,A,1914,fall,41
1308,Germany,Mun,A,1914,fall,41
1309,Germany,NAO,F,1914,fall,41
1310,Germany,NWG,F,1914,fall,41
1311,Germany,Pru,A,1914,fall,41
1312,Germany,Sil,A,1914,fall,41
1313,Germany,Tyr,A,1914,fall,41
1314,Germany,War,A,1914,fall,41
1315,Italy,Nap,F,1914,fall,41
1316,Italy,Pie,A,1914,fall,41
1317,Italy,Tus,F,1914,fall,41
1318,Italy,TYS,F,1914,fall,41
1319,Italy,Vie,A,1914,fall,41
1320,Turkey,BLA,F,1914,fall,41
1321,Turkey,Boh,A,1914,fall,41
1322,Turkey,Bud,A,1914,fall,41
1323,Turkey,Gal,A,1914,fall,41
1324,Turkey,Rum,A,1914,fall,41
1325,Turkey,Ser,A,1914,fall,41
1326,Turkey,Sev,A,1914,fall,41
1327,Turkey,Tun,F,1914,fall,41
1328,Turkey,Ukr,A,1914,fall,41
1329,Austria,Stp,A,1914,winter,42
1330,France,Bur,A,1914,winter,42
1331,France,IRI,F,1914,winter,42
1332,France,LYO,F,1914,winter,42
1333,France,MAO,F,1914,winter,42
1334,France,Mar,A,1914,winter,42
1335,France,Naf,A,1914,winter,42
1336,France,Spa,F,1914,winter,42
1337,France,WES,F,1914,winter,42
1338,Germany,Boh,A,1914,winter,42
1339,Germany,Mos,A,1914,winter,42
1340,Germany,Mun,A,1914,winter,42
1341,Germany,NAO,F,1914,winter,42
1342,Germany,NTH,F,1914,winter,42
1343,Germany,Pru,A,1914,winter,42
1344,Germany,Sil,A,1914,winter,42
1345,Germany,War,A,1914,winter,42
1346,Italy,Pie,F,1914,winter,42
1347,Italy,Tus,F,1914,winter,42
1348,Italy,TYS,F,1914,winter,42
1349,Italy,Ven,A,1914,winter,42
1350,Italy,Vie,A,1914,winter,42
1351,Turkey,BLA,F,1914,winter,42
1352,Turkey,Bud,A,1914,winter,42
1353,Turkey,Bul,A,1914,winter,42
1354,Turkey,Gal,A,1914,winter,42
1355,Turkey,Ser,A,1914,winter,42
1356,Turkey,Sev,A,1914,winter,42
1357,Turkey,Tun,F,1914,winter,42
1358,Turkey,Tyr,A,1914,winter,42
1359,Turkey,Ukr,A,1914,winter,42
1360,Austria,Stp,A,1915,spring,43
1361,France,Bre,F,1915,spring,43
1362,France,Bur,A,1915,spring,43
1363,France,IRI,F,1915,spring,43
1364,France,LYO,F,1915,spring,43
1365,France,MAO,F,1915,spring,43
1366,France,Mar,A,1915,spring,43
1367,France,Naf,A,1915,spring,43
1368,France,Spa,F,1915,spring,43
1369,France,WES,F,1915,spring,43
1370,Germany,Ber,A,1915,spring,43
1371,Germany,Boh,A,1915,spring,43
1372,Germany,Mos,A,1915,spring,43
1373,Germany,Mun,A,1915,spring,43
1374,Germany,NAO,F,1915,spring,43
1375,Germany,NTH,F,1915,spring,43
1376,Germany,Pru,A,1915,spring,43
1377,Germany,Sil,A,1915,spring,43
1378,Germany,War,A,1915,spring,43
1379,Italy,Nap,F,1915,spring,43
1380,Italy,Pie,F,1915,spring,43
1381,Italy,Tus,F,1915,spring,43
1382,Italy,TYS,F,1915,spring,43
1383,Italy,Ven,A,1915,spring,43
1384,Italy,Vie,A,1915,spring,43
1385,Turkey,BLA,F,1915,spring,43
1386,Turkey,Bud,A,1915,spring,43
1387,Turkey,Bul,A,1915,spring,43
1388,Turkey,Gal,A,1915,spring,43
1389,Turkey,Ser,A,1915,spring,43
1390,Turkey,Sev,A,1915,spring,43
1391,Turkey,Tun,F,1915,spring,43
1392,Turkey,Tyr,A,1915,spring,43
1393,Turkey,Ukr,A,1915,spring,43
1394,Austria,Stp,A,1915,fall,44
1395,France,Bur,A,1915,fall,44
1396,France,Gas,F,1915,fall,44
1397,France,IRI,F,1915,fall,44
1398,France,LYO,F,1915,fall,44
1399,France,MAO,F,1915,fall,44
1400,France,Mar,A,1915,fall,44
1401,France,Naf,A,1915,fall,44
1402,France,Spa,F,1915,fall,44
1403,France,WES,F,1915,fall,44
1404,Germany,Ber,A,1915,fall,44
1405,Germany,Gal,A,1915,fall,44
1406,Germany,Mos,A,1915,fall,44
1407,Germany,Mun,A,1915,fall,44
1408,Germany,NAO,F,1915,fall,44
1409,Germany,NTH,F,1915,fall,44
1410,Germany,Pru,A,1915,fall,44
1411,Germany,Sil,A,1915,fall,44
1412,Germany,War,A,1915,fall,44
1413,Italy,Nap,F,1915,fall,44
1414,Italy,Pie,F,1915,fall,44
1415,Italy,Tus,F,1915,fall,44
1416,Italy,TYS,F,1915,fall,44
1417,Italy,Ven,A,1915,fall,44
1418,Italy,Vie,A,1915,fall,44
1419,Turkey,Alb,A,1915,fall,44
1420,Turkey,Bud,A,1915,fall,44
1421,Turkey,Con,F,1915,fall,44
1422,Turkey,Rum,A,1915,fall,44
1423,Turkey,Sev,A,1915,fall,44
1424,Turkey,Tun,F,1915,fall,44
1425,Turkey,Tyr,A,1915,fall,44
1426,Turkey,Ukr,A,1915,fall,44
1427,Austria,Stp,A,1915,winter,45
1428,France,Bur,A,1915,winter,45
1429,France,IRI,F,1915,winter,45
1430,France,LYO,F,1915,winter,45
1431,France,MAO,F,1915,winter,45
1432,France,Mar,A,1915,winter,45
1433,France,Naf,A,1915,winter,45
1434,France,Spa,F,1915,winter,45
1435,France,Tun,F,1915,winter,45
1436,France,WES,F,1915,winter,45
1437,Germany,Boh,A,1915,winter,45
1438,Germany,Gal,A,1915,winter,45
1439,Germany,Lon,F,1915,winter,45
1440,Germany,Lvp,F,1915,winter,45
1441,Germany,Mos,A,1915,winter,45
1442,Germany,Mun,A,1915,winter,45
1443,Germany,Pru,A,1915,winter,45
1444,Germany,Ruh,A,1915,winter,45
1445,Germany,War,A,1915,winter,45
1446,Italy,Nap,F,1915,winter,45
1447,Italy,Pie,F,1915,winter,45
1448,Italy,Tus,F,1915,winter,45
1449,Italy,TYS,F,1915,winter,45
1450,Italy,Ven,A,1915,winter,45
1451,Turkey,AEG,F,1915,winter,45
1452,Turkey,Bud,A,1915,winter,45
1453,Turkey,Gre,A,1915,winter,45
1454,Turkey,ION,F,1915,winter,45
1455,Turkey,Rum,A,1915,winter,45
1456,Turkey,Sev,A,1915,winter,45
1457,Turkey,Tri,A,1915,winter,45
1458,Turkey,Vie,A,1915,winter,45
1459,Austria,Stp,A,1916,spring,46
1460,France,Bur,A,1916,spring,46
1461,France,IRI,F,1916,spring,46
1462,France,LYO,F,1916,spring,46
1463,France,MAO,F,1916,spring,46
1464,France,Mar,A,1916,spring,46
1465,France,Naf,A,1916,spring,46
1466,France,Tun,F,1916,spring,46
1467,France,WES,F,1916,spring,46
1468,Germany,Ber,A,1916,spring,46
1469,Germany,Boh,A,1916,spring,46
1470,Germany,Gal,A,1916,spring,46
1471,Germany,Kie,A,1916,spring,46
1472,Germany,Lon,F,1916,spring,46
1473,Germany,Lvp,F,1916,spring,46
1474,Germany,Mos,A,1916,spring,46
1475,Germany,Mun,A,1916,spring,46
1476,Germany,Pru,A,1916,spring,46
1477,Germany,Ruh,A,1916,spring,46
1478,Germany,War,A,1916,spring,46
1479,Italy,Nap,F,1916,spring,46
1480,Italy,Tus,F,1916,spring,46
1481,Italy,Ven,A,1916,spring,46
1482,Turkey,AEG,F,1916,spring,46
1483,Turkey,Ank,F,1916,spring,46
1484,Turkey,Bud,A,1916,spring,46
1485,Turkey,Con,A,1916,spring,46
1486,Turkey,Gre,A,1916,spring,46
1487,Turkey,ION,F,1916,spring,46
1488,Turkey,Rum,A,1916,spring,46
1489,Turkey,Sev,A,1916,spring,46
1490,Turkey,Smy,F,1916,spring,46
1491,Turkey,Tri,A,1916,spring,46
1492,Turkey,Vie,A,1916,spring,46
1493,Austria,Nwy,A,1916,fall,47
1494,France,ENG,F,1916,fall,47
1495,France,ION,F,1916,fall,47
1496,France,IRI,F,1916,fall,47
1497,France,LYO,F,1916,fall,47
1498,France,Mar,A,1916,fall,47
1499,France,Pic,A,1916,fall,47
1500,France,Tus,A,1916,fall,47
1501,France,WES,F,1916,fall,47
1502,Germany,Boh,A,1916,fall,47
1503,Germany,Bur,A,1916,fall,47
1504,Germany,Hol,A,1916,fall,47
1505,Germany,Lvp,F,1916,fall,47
1506,Germany,Mos,A,1916,fall,47
1507,Germany,Mun,A,1916,fall,47
1508,Germany,NTH,F,1916,fall,47
1509,Germany,Ruh,A,1916,fall,47
1510,Germany,Sil,A,1916,fall,47
1511,Germany,Ukr,A,1916,fall,47
1512,Germany,War,A,1916,fall,47
1513,Italy,Nap,F,1916,fall,47
1514,Italy,TYS,F,1916,fall,47
1515,Italy,Ven,A,1916,fall,47
1516,Turkey,ADR,F,1916,fall,47
1517,Turkey,AEG,F,1916,fall,47
1518,Turkey,Alb,A,1916,fall,47
1519,Turkey,BLA,F,1916,fall,47
1520,Turkey,Bud,A,1916,fall,47
1521,Turkey,Bul,A,1916,fall,47
1522,Turkey,EAS,F,1916,fall,47
1523,Turkey,Rum,A,1916,fall,47
1524,Turkey,Sev,A,1916,fall,47
1525,Turkey,Tri,A,1916,fall,47
1526,Turkey,Vie,A,1916,fall,47
1527,Austria,Edi,A,1916,winter,48
1528,France,ENG,F,1916,winter,48
1529,France,ION,F,1916,winter,48
1530,France,Lon,F,1916,winter,48
1531,France,MAO,F,1916,winter,48
1532,France,Mar,A,1916,winter,48
1533,France,Pic,A,1916,winter,48
1534,France,Spa,F,1916,winter,48
1535,France,Tus,A,1916,winter,48
1536,Germany,Bel,A,1916,winter,48
1537,Germany,Boh,A,1916,winter,48
1538,Germany,Bur,A,1916,winter,48
1539,Germany,Lvp,F,1916,winter,48
1540,Germany,Mos,A,1916,winter,48
1541,Germany,Mun,A,1916,winter,48
1542,Germany,NTH,F,1916,winter,48
1543,Germany,Ruh,A,1916,winter,48
1544,Germany,Sil,A,1916,winter,48
1545,Germany,Stp,A,1916,winter,48
1546,Germany,War,A,1916,winter,48
1547,Italy,Apu,F,1916,winter,48
1548,Italy,TYS,F,1916,winter,48
1549,Italy,Ven,A,1916,winter,48
1550,Turkey,ADR,F,1916,winter,48
1551,Turkey,BLA,F,1916,winter,48
1552,Turkey,EAS,F,1916,winter,48
1553,Turkey,Gal,A,1916,winter,48
1554,Turkey,Gre,F,1916,winter,48
1555,Turkey,Rum,A,1916,winter,48
1556,Turkey,Sev,A,1916,winter,48
1557,Turkey,Tri,A,1916,winter,48
1558,Turkey,Tyr,A,1916,winter,48
1559,Turkey,Ukr,A,1916,winter,48
1560,Turkey,Vie,A,1916,winter,48
1561,Austria,Edi,A,1917,spring,49
1562,France,ENG,F,1917,spring,49
1563,France,ION,F,1917,spring,49
1564,France,Lon,F,1917,spring,49
1565,France,MAO,F,1917,spring,49
1566,France,Mar,A,1917,spring,49
1567,France,Pic,A,1917,spring,49
1568,France,Spa,F,1917,spring,49
1569,Germany,Bel,A,1917,spring,49
1570,Germany,Boh,A,1917,spring,49
1571,Germany,Bur,A,1917,spring,49
1572,Germany,Kie,F,1917,spring,49
1573,Germany,Lvp,F,1917,spring,49
1574,Germany,Mos,A,1917,spring,49
1575,Germany,Mun,A,1917,spring,49
1576,Germany,NTH,F,1917,spring,49
1577,Germany,Ruh,A,1917,spring,49
1578,Germany,Sil,A,1917,spring,49
1579,Germany,Stp,A,1917,spring,49
1580,Germany,War,A,1917,spring,49
1581,Italy,Apu,F,1917,spring,49
1582,Italy,TYS,F,1917,spring,49
1583,Italy,Ven,A,1917,spring,49
1584,Turkey,ADR,F,1917,spring,49
1585,Turkey,BLA,F,1917,spring,49
1586,Turkey,EAS,F,1917,spring,49
1587,Turkey,Gal,A,1917,spring,49
1588,Turkey,Gre,F,1917,spring,49
1589,Turkey,Rum,A,1917,spring,49
1590,Turkey,Sev,A,1917,spring,49
1591,Turkey,Tri,A,1917,spring,49
1592,Turkey,Tyr,A,1917,spring,49
1593,Turkey,Ukr,A,1917,spring,49
1594,Turkey,Vie,A,1917,spring,49
1595,Austria,Yor,A,1917,fall,50
1596,France,Lon,F,1917,fall,50
1597,France,MAO,F,1917,fall,50
1598,France,Mar,A,1917,fall,50
1599,France,NAO,F,1917,fall,50
1600,France,Nap,F,1917,fall,50
1601,France,NTH,F,1917,fall,50
1602,France,Par,A,1917,fall,50
1603,Germany,Boh,A,1917,fall,50
1604,Germany,Bur,A,1917,fall,50
1605,Germany,Den,F,1917,fall,50
1606,Germany,Hol,F,1917,fall,50
1607,Germany,IRI,F,1917,fall,50
1608,Germany,Mos,A,1917,fall,50
1609,Germany,Mun,A,1917,fall,50
1610,Germany,Pic,A,1917,fall,50
1611,Germany,Ruh,A,1917,fall,50
1612,Germany,Sil,A,1917,fall,50
1613,Germany,Stp,A,1917,fall,50
1614,Germany,War,A,1917,fall,50
1615,Italy,Apu,F,1917,fall,50
1616,Italy,TYS,F,1917,fall,50
1617,Italy,Ven,A,1917,fall,50
1618,Turkey,ADR,F,1917,fall,50
1619,Turkey,Con,F,1917,fall,50
1620,Turkey,Gal,A,1917,fall,50
1621,Turkey,Gre,F,1917,fall,50
1622,Turkey,ION,F,1917,fall,50
1623,Turkey,Rum,A,1917,fall,50
1624,Turkey,Sev,A,1917,fall,50
1625,Turkey,Tri,A,1917,fall,50
1626,Turkey,Tyr,A,1917,fall,50
1627,Turkey,Ukr,A,1917,fall,50
1628,Turkey,Vie,A,1917,fall,50
1629,Austria,Yor,A,1917,winter,51
1630,France,Bre,A,1917,winter,51
1631,France,Edi,F,1917,winter,51
1632,France,Gas,F,1917,winter,51
1633,France,Lon,F,1917,winter,51
1634,France,Lvp,F,1917,winter,51
1635,France,Mar,A,1917,winter,51
1636,France,Nap,F,1917,winter,51
1637,Germany,Boh,A,1917,winter,51
1638,Germany,Bur,A,1917,winter,51
1639,Germany,Den,F,1917,winter,51
1640,Germany,ENG,F,1917,winter,51
1641,Germany,Mos,A,1917,winter,51
1642,Germany,Mun,A,1917,winter,51
1643,Germany,NTH,F,1917,winter,51
1644,Germany,Par,A,1917,winter,51
1645,Germany,Pic,A,1917,winter,51
1646,Germany,Sil,A,1917,winter,51
1647,Germany,Stp,A,1917,winter,51
1648,Germany,War,A,1917,winter,51
1649,Italy,Apu,F,1917,winter,51
1650,Italy,Pie,A,1917,winter,51
1651,Italy,TYS,F,1917,winter,51
1652,Turkey,ADR,F,1917,winter,51
1653,Turkey,AEG,F,1917,winter,51
1654,Turkey,Alb,F,1917,winter,51
1655,Turkey,Gal,A,1917,winter,51
1656,Turkey,ION,F,1917,winter,51
1657,Turkey,Rum,A,1917,winter,51
1658,Turkey,Sev,A,1917,winter,51
1659,Turkey,Tyr,A,1917,winter,51
1660,Turkey,Ukr,A,1917,winter,51
1661,Turkey,Ven,A,1917,winter,51
1662,Turkey,Vie,A,1917,winter,51
1663,France,Bre,A,1918,spring,52
1664,France,Edi,F,1918,spring,52
1665,France,Gas,F,1918,spring,52
1666,France,Lon,F,1918,spring,52
1667,France,Lvp,F,1918,spring,52
1668,France,Mar,A,1918,spring,52
1669,France,Nap,F,1918,spring,52
1670,Germany,Boh,A,1918,spring,52
1671,Germany,Bur,A,1918,spring,52
1672,Germany,Den,F,1918,spring,52
1673,Germany,ENG,F,1918,spring,52
1674,Germany,Mos,A,1918,spring,52
1675,Germany,Mun,A,1918,spring,52
1676,Germany,NTH,F,1918,spring,52
1677,Germany,Par,A,1918,spring,52
1678,Germany,Pic,A,1918,spring,52
1679,Germany,Sil,A,1918,spring,52
1680,Germany,Stp,A,1918,spring,52
1681,Germany,War,A,1918,spring,52
1682,Italy,Pie,A,1918,spring,52
1683,Turkey,ADR,F,1918,spring,52
1684,Turkey,AEG,F,1918,spring,52
1685,Turkey,Alb,F,1918,spring,52
1686,Turkey,Con,A,1918,spring,52
1687,Turkey,Gal,A,1918,spring,52
1688,Turkey,ION,F,1918,spring,52
1689,Turkey,Rum,A,1918,spring,52
1690,Turkey,Sev,A,1918,spring,52
1691,Turkey,Tyr,A,1918,spring,52
1692,Turkey,Ukr,A,1918,spring,52
1693,Turkey,Ven,A,1918,spring,52
1694,Turkey,Vie,A,1918,spring,52
1695,France,Bur,A,1918,fall,53
1696,France,Edi,F,1918,fall,53
1697,France,Lon,F,1918,fall,53
1698,France,MAO,F,1918,fall,53
1699,France,NAO,F,1918,fall,53
1700,France,Rom,F,1918,fall,53
1701,Germany,Boh,A,1918,fall,53
1702,Germany,Bre,A,1918,fall,53
1703,Germany,Den,F,1918,fall,53
1704,Germany,ENG,F,1918,fall,53
1705,Germany,Gas,A,1918,fall,53
1706,Germany,Lvn,A,1918,fall,53
1707,Germany,Mos,A,1918,fall,53
1708,Germany,Mun,A,1918,fall,53
1709,Germany,NWG,F,1918,fall,53
1710,Germany,Par,A,1918,fall,53
1711,Germany,Sil,A,1918,fall,53
1712,Germany,War,A,1918,fall,53
1713,Italy,Mar,A,1918,fall,53
1714,Turkey,ADR,F,1918,fall,53
1715,Turkey,AEG,F,1918,fall,53
1716,Turkey,Bul,A,1918,fall,53
1717,Turkey,Gal,A,1918,fall,53
1718,Turkey,ION,F,1918,fall,53
1719,Turkey,Pie,A,1918,fall,53
1720,Turkey,Rum,A,1918,fall,53
1721,Turkey,Sev,A,1918,fall,53
1722,Turkey,Tyr,A,1918,fall,53
1723,Turkey,TYS,F,1918,fall,53
1724,Turkey,Ukr,A,1918,fall,53
1725,Turkey,Vie,A,1918,fall,53
1726,France,Bur,A,1918,winter,54
1727,France,Edi,F,1918,winter,54
1728,France,Lon,F,1918,winter,54
1729,France,NWG,F,1918,winter,54
1730,France,Rom,F,1918,winter,54
1731,France,Spa,"{'type': 'F', 'coast': 'nc'}",1918,winter,54
1732,Germany,Bel,F,1918,winter,54
1733,Germany,Boh,A,1918,winter,54
1734,Germany,Bre,A,1918,winter,54
1735,Germany,Den,F,1918,winter,54
1736,Germany,Gas,A,1918,winter,54
1737,Germany,Lvn,A,1918,winter,54
1738,Germany,Mos,A,1918,winter,54
1739,Germany,Mun,A,1918,winter,54
1740,Germany,NTH,F,1918,winter,54
1741,Germany,Par,A,1918,winter,54
1742,Germany,Sil,A,1918,winter,54
1743,Germany,War,A,1918,winter,54
1744,Italy,Mar,A,1918,winter,54
1745,Turkey,Apu,F,1918,winter,54
1746,Turkey,Gal,A,1918,winter,54
1747,Turkey,Gre,A,1918,winter,54
1748,Turkey,ION,F,1918,winter,54
1749,Turkey,LYO,F,1918,winter,54
1750,Turkey,Pie,A,1918,winter,54
1751,Turkey,Rum,A,1918,winter,54
1752,Turkey,Sev,A,1918,winter,54
1753,Turkey,Tyr,A,1918,winter,54
1754,Turkey,TYS,F,1918,winter,54
1755,Turkey,Ukr,A,1918,winter,54
1756,Turkey,Vie,A,1918,winter,54
1757,France,Bur,A,1919,spring,55
1758,France,Edi,F,1919,spring,55
1759,France,Lon,F,1919,spring,55
1760,France,NWG,F,1919,spring,55
1761,France,Rom,F,1919,spring,55
1762,France,Spa,"{'type': 'F', 'coast': 'nc'}",1919,spring,55
1763,Germany,Bel,F,1919,spring,55
1764,Germany,Boh,A,1919,spring,55
1765,Germany,Bre,A,1919,spring,55
1766,Germany,Den,F,1919,spring,55
1767,Germany,Gas,A,1919,spring,55
1768,Germany,Kie,F,1919,spring,55
1769,Germany,Lvn,A,1919,spring,55
1770,Germany,Mos,A,1919,spring,55
1771,Germany,Mun,A,1919,spring,55
1772,Germany,NTH,F,1919,spring,55
1773,Germany,Par,A,1919,spring,55
1774,Germany,Sil,A,1919,spring,55
1775,Germany,War,A,1919,spring,55
1776,Italy,Mar,A,1919,spring,55
1777,Turkey,Apu,F,1919,spring,55
1778,Turkey,Gal,A,1919,spring,55
1779,Turkey,Gre,A,1919,spring,55
1780,Turkey,ION,F,1919,spring,55
1781,Turkey,LYO,F,1919,spring,55
1782,Turkey,Pie,A,1919,spring,55
1783,Turkey,Rum,A,1919,spring,55
1784,Turkey,Sev,A,1919,spring,55
1785,Turkey,Tyr,A,1919,spring,55
1786,Turkey,TYS,F,1919,spring,55
1787,Turkey,Ukr,A,1919,spring,55
1788,Turkey,Vie,A,1919,spring,55
1789,France,BAR,F,1919,fall,56
1790,France,Lon,F,1919,fall,56
1791,France,Mar,A,1919,fall,56
1792,France,NWG,F,1919,fall,56
1793,France,Spa,"{'type': 'F', 'coast': 'nc'}",1919,fall,56
1794,France,Tus,F,1919,fall,56
1795,Germany,Bel,F,1919,fall,56
1796,Germany,Boh,A,1919,fall,56
1797,Germany,Bur,A,1919,fall,56
1798,Germany,Gas,A,1919,fall,56
1799,Germany,Hol,F,1919,fall,56
1800,Germany,Lvn,A,1919,fall,56
1801,Germany,Mos,A,1919,fall,56
1802,Germany,Mun,A,1919,fall,56
1803,Germany,NTH,F,1919,fall,56
1804,Germany,Nwy,F,1919,fall,56
1805,Germany,Par,A,1919,fall,56
1806,Germany,Sil,A,1919,fall,56
1807,Germany,War,A,1919,fall,56
1808,Turkey,Gal,A,1919,fall,56
1809,Turkey,Gre,A,1919,fall,56
1810,Turkey,LYO,F,1919,fall,56
1811,Turkey,Nap,F,1919,fall,56
1812,Turkey,Pie,A,1919,fall,56
1813,Turkey,Rum,A,1919,fall,56
1814,Turkey,Sev,A,1919,fall,56
1815,Turkey,Tyr,A,1919,fall,56
1816,Turkey,TYS,F,1919,fall,56
1817,Turkey,Ukr,A,1919,fall,56
1818,Turkey,Vie,A,1919,fall,56
1819,Turkey,WES,F,1919,fall,56
1820,France,BAR,F,1919,winter,57
1821,France,Lon,F,1919,winter,57
1822,France,Mar,A,1919,winter,57
1823,France,Nwy,F,1919,winter,57
1824,France,Spa,"{'type': 'F', 'coast': 'nc'}",1919,winter,57
1825,France,Tus,F,1919,winter,57
1826,Germany,Bur,A,1919,winter,57
1827,Germany,Edi,F,1919,winter,57
1828,Germany,ENG,F,1919,winter,57
1829,Germany,Gal,A,1919,winter,57
1830,Germany,Gas,A,1919,winter,57
1831,Germany,Hol,F,1919,winter,57
1832,Germany,Lvn,A,1919,winter,57
1833,Germany,Mos,A,1919,winter,57
1834,Germany,Mun,A,1919,winter,57
1835,Germany,Par,A,1919,winter,57
1836,Germany,Sil,A,1919,winter,57
1837,Germany,Swe,F,1919,winter,57
1838,Germany,War,A,1919,winter,57
1839,Turkey,Bud,A,1919,winter,57
1840,Turkey,Gre,A,1919,winter,57
1841,Turkey,LYO,F,1919,winter,57
1842,Turkey,MAO,F,1919,winter,57
1843,Turkey,Nap,F,1919,winter,57
1844,Turkey,Pie,A,1919,winter,57
1845,Turkey,Rom,F,1919,winter,57
1846,Turkey,Rum,A,1919,winter,57
1847,Turkey,Sev,A,1919,winter,57
1848,Turkey,Tyr,A,1919,winter,57
1849,Turkey,Ukr,A,1919,winter,57
1850,Turkey,Vie,A,1919,winter,57
1851,France,BAR,F,1920,spring,58
1852,France,Lon,F,1920,spring,58
1853,France,Mar,A,1920,spring,58
1854,France,Nwy,F,1920,spring,58
1855,France,Spa,"{'type': 'F', 'coast': 'nc'}",1920,spring,58
1856,France,Tus,F,1920,spring,58
1857,Germany,Bur,A,1920,spring,58
1858,Germany,Edi,F,1920,spring,58
1859,Germany,ENG,F,1920,spring,58
1860,Germany,Gal,A,1920,spring,58
1861,Germany,Gas,A,1920,spring,58
1862,Germany,Hol,F,1920,spring,58
1863,Germany,Lvn,A,1920,spring,58
1864,Germany,Mos,A,1920,spring,58
1865,Germany,Mun,A,1920,spring,58
1866,Germany,Par,A,1920,spring,58
1867,Germany,Sil,A,1920,spring,58
1868,Germany,Swe,F,1920,spring,58
1869,Germany,War,A,1920,spring,58
1870,Turkey,Bud,A,1920,spring,58
1871,Turkey,Con,A,1920,spring,58
1872,Turkey,Gre,A,1920,spring,58
1873,Turkey,LYO,F,1920,spring,58
1874,Turkey,MAO,F,1920,spring,58
1875,Turkey,Nap,F,1920,spring,58
1876,Turkey,Pie,A,1920,spring,58
1877,Turkey,Rom,F,1920,spring,58
1878,Turkey,Rum,A,1920,spring,58
1879,Turkey,Sev,A,1920,spring,58
1880,Turkey,Smy,F,1920,spring,58
1881,Turkey,Tyr,A,1920,spring,58
1882,Turkey,Ukr,A,1920,spring,58
1883,Turkey,Vie,A,1920,spring,58
1884,France,BAR,F,1920,fall,59
1885,France,Lon,F,1920,fall,59
1886,France,Mar,A,1920,fall,59
1887,France,SKA,F,1920,fall,59
1888,France,Spa,"{'type': 'F', 'coast': 'nc'}",1920,fall,59
1889,France,Tus,F,1920,fall,59
1890,Germany,Bre,A,1920,fall,59
1891,Germany,Bur,A,1920,fall,59
1892,Germany,Cly,F,1920,fall,59
1893,Germany,ENG,F,1920,fall,59
1894,Germany,Gal,A,1920,fall,59
1895,Germany,Gas,A,1920,fall,59
1896,Germany,Lvn,A,1920,fall,59
1897,Germany,Mos,A,1920,fall,59
1898,Germany,Mun,A,1920,fall,59
1899,Germany,NTH,F,1920,fall,59
1900,Germany,Nwy,F,1920,fall,59
1901,Germany,Sil,A,1920,fall,59
1902,Germany,War,A,1920,fall,59
1903,Turkey,AEG,F,1920,fall,59
1904,Turkey,Bud,A,1920,fall,59
1905,Turkey,Bul,A,1920,fall,59
1906,Turkey,Gre,A,1920,fall,59
1907,Turkey,ION,F,1920,fall,59
1908,Turkey,MAO,F,1920,fall,59
1909,Turkey,Pie,A,1920,fall,59
1910,Turkey,Rum,A,1920,fall,59
1911,Turkey,Sev,A,1920,fall,59
1912,Turkey,Tyr,A,1920,fall,59
1913,Turkey,TYS,F,1920,fall,59
1914,Turkey,Ukr,A,1920,fall,59
1915,Turkey,Vie,A,1920,fall,59
1916,Turkey,WES,F,1920,fall,59
1917,France,BAR,F,1920,winter,60
1918,France,LYO,F,1920,winter,60
1919,France,Mar,A,1920,winter,60
1920,France,SKA,F,1920,winter,60
1921,France,Spa,"{'type': 'F', 'coast': 'nc'}",1920,winter,60
1922,France,Yor,F,1920,winter,60
1923,Germany,Bre,A,1920,winter,60
1924,Germany,Bur,A,1920,winter,60
1925,Germany,Gas,A,1920,winter,60
1926,Germany,Lon,F,1920,winter,60
1927,Germany,Lvn,A,1920,winter,60
1928,Germany,Lvp,F,1920,winter,60
1929,Germany,Mos,A,1920,winter,60
1930,Germany,Mun,A,1920,winter,60
1931,Germany,NTH,F,1920,winter,60
1932,Germany,Nwy,F,1920,winter,60
1933,Germany,Sil,A,1920,winter,60
1934,Germany,War,A,1920,winter,60
1935,Turkey,AEG,F,1920,winter,60
1936,Turkey,Bud,A,1920,winter,60
1937,Turkey,Gal,A,1920,winter,60
1938,Turkey,Gre,A,1920,winter,60
1939,Turkey,ION,F,1920,winter,60
1940,Turkey,MAO,F,1920,winter,60
1941,Turkey,Pie,A,1920,winter,60
1942,Turkey,Por,A,1920,winter,60
1943,Turkey,Rum,A,1920,winter,60
1944,Turkey,Sev,A,1920,winter,60
1945,Turkey,Tyr,A,1920,winter,60
1946,Turkey,TYS,F,1920,winter,60
1947,Turkey,Vie,A,1920,winter,60
1948,Turkey,WES,F,1920,winter,60
1949,France,BAR,F,1921,spring,61
1950,France,Mar,A,1921,spring,61
1951,France,SKA,F,1921,spring,61
1952,Germany,Ber,A,1921,spring,61
1953,Germany,Bre,A,1921,spring,61
1954,Germany,Bur,A,1921,spring,61
1955,Germany,Gas,A,1921,spring,61
1956,Germany,Kie,F,1921,spring,61
1957,Germany,Lon,F,1921,spring,61
1958,Germany,Lvn,A,1921,spring,61
1959,Germany,Lvp,F,1921,spring,61
1960,Germany,Mos,A,1921,spring,61
1961,Germany,Mun,A,1921,spring,61
1962,Germany,NTH,F,1921,spring,61
1963,Germany,Nwy,F,1921,spring,61
1964,Germany,Sil,A,1921,spring,61
1965,Germany,War,A,1921,spring,61
1966,Turkey,AEG,F,1921,spring,61
1967,Turkey,Bud,A,1921,spring,61
1968,Turkey,Con,F,1921,spring,61
1969,Turkey,Gal,A,1921,spring,61
1970,Turkey,Gre,A,1921,spring,61
1971,Turkey,ION,F,1921,spring,61
1972,Turkey,MAO,F,1921,spring,61
1973,Turkey,Pie,A,1921,spring,61
1974,Turkey,Por,A,1921,spring,61
1975,Turkey,Rum,A,1921,spring,61
1976,Turkey,Sev,A,1921,spring,61
1977,Turkey,Tyr,A,1921,spring,61
1978,Turkey,TYS,F,1921,spring,61
1979,Turkey,Vie,A,1921,spring,61
1980,Turkey,WES,F,1921,spring,61
1981,France,BAR,F,1921,fall,62
1982,France,Mar,A,1921,fall,62
1983,France,SKA,F,1921,fall,62
1984,Germany,Ber,A,1921,fall,62
1985,Germany,Bre,A,1921,fall,62
1986,Germany,Bur,A,1921,fall,62
1987,Germany,Den,F,1921,fall,62
1988,Germany,ENG,F,1921,fall,62
1989,Germany,Gas,A,1921,fall,62
1990,Germany,IRI,F,1921,fall,62
1991,Germany,Mos,A,1921,fall,62
1992,Germany,Mun,A,1921,fall,62
1993,Germany,NTH,F,1921,fall,62
1994,Germany,Nwy,F,1921,fall,62
1995,Germany,Sil,A,1921,fall,62
1996,Germany,Stp,A,1921,fall,62
1997,Germany,War,A,1921,fall,62
1998,Turkey,AEG,F,1921,fall,62
1999,Turkey,Boh,A,1921,fall,62
2000,Turkey,Gal,A,1921,fall,62
2001,Turkey,Gre,A,1921,fall,62
2002,Turkey,ION,F,1921,fall,62
2003,Turkey,LYO,F,1921,fall,62
2004,Turkey,MAO,F,1921,fall,62
2005,Turkey,Pie,A,1921,fall,62
2006,Turkey,Rum,A,1921,fall,62
2007,Turkey,Sev,A,1921,fall,62
2008,Turkey,Spa,A,1921,fall,62
2009,Turkey,Tyr,A,1921,fall,62
2010,Turkey,TYS,F,1921,fall,62
2011,Turkey,Ukr,A,1921,fall,62
2012,Turkey,WES,F,1921,fall,62
2013,France,BAR,F,1921,winter,63
2014,France,SKA,F,1921,winter,63
2015,Germany,Bre,A,1921,winter,63
2016,Germany,Bur,A,1921,winter,63
2017,Germany,ENG,F,1921,winter,63
2018,Germany,Gas,A,1921,winter,63
2019,Germany,Kie,A,1921,winter,63
2020,Germany,MAO,F,1921,winter,63
2021,Germany,Mos,A,1921,winter,63
2022,Germany,NTH,F,1921,winter,63
2023,Germany,Nwy,F,1921,winter,63
2024,Germany,Pru,A,1921,winter,63
2025,Germany,Sil,A,1921,winter,63
2026,Germany,Stp,A,1921,winter,63
2027,Germany,Swe,F,1921,winter,63
2028,Germany,War,A,1921,winter,63
2029,Turkey,Gal,A,1921,winter,63
2030,Turkey,Gre,A,1921,winter,63
2031,Turkey,ION,F,1921,winter,63
2032,Turkey,LYO,F,1921,winter,63
2033,Turkey,Mar,A,1921,winter,63
2034,Turkey,Mun,A,1921,winter,63
2035,Turkey,Pie,A,1921,winter,63
2036,Turkey,Rum,A,1921,winter,63
2037,Turkey,Sev,A,1921,winter,63
2038,Turkey,Spa,F,1921,winter,63
2039,Turkey,Tun,F,1921,winter,63
2040,Turkey,Tyr,A,1921,winter,63
2041,Turkey,TYS,F,1921,winter,63
2042,Turkey,Ukr,A,1921,winter,63
2043,Turkey,WES,F,1921,winter,63
